-6.106028792405751027e-01,6.578498217681257865e-01,0.000000000000000000e+00
-1.393425765805003991e+00,4.657179493739981718e-02,0.000000000000000000e+00
8.199659385626824060e-01,-2.510187874574332234e-01,1.000000000000000000e+00
-1.738881006219178627e+00,9.214941321096093985e-01,0.000000000000000000e+00
4.095011417234052375e-01,-9.525565286272387189e-01,1.000000000000000000e+00
1.027719439388679490e+00,9.809988685187123747e-02,1.000000000000000000e+00
-3.807183901740784915e-02,-7.255330574405701727e-01,0.000000000000000000e+00
2.237351414934278804e-01,-1.589266104890975362e-01,1.000000000000000000e+00
9.452696600902725788e-01,1.288768059447777281e+00,1.000000000000000000e+00
1.049678847510733259e+00,1.489345643604614633e+00,1.000000000000000000e+00
9.248131720645171860e-01,-1.285036852502920157e-01,1.000000000000000000e+00
1.302684537588185254e+00,1.937884372550303103e-01,1.000000000000000000e+00
6.198066195739510009e-01,1.038349362819457333e+00,1.000000000000000000e+00
-1.428272109554413083e+00,2.110253824311547344e-01,0.000000000000000000e+00
2.601760249441387174e-02,-4.241807101480333242e-01,0.000000000000000000e+00
7.588532710900333100e-01,1.003157987616526858e+00,1.000000000000000000e+00
6.011824421531235529e-01,-6.341664429870593755e-01,1.000000000000000000e+00
1.257785834886468557e+00,4.328571624427208775e-01,1.000000000000000000e+00
-4.928479917873378469e-01,1.133933083599111713e+00,0.000000000000000000e+00
1.365818837568246735e+00,-8.092757838148262328e-01,1.000000000000000000e+00
6.887924594827021796e-01,-4.630490568015842578e-01,1.000000000000000000e+00
1.744272464503349163e-01,-2.144077159220131090e+00,0.000000000000000000e+00
7.728585569066069860e-01,1.938925990667377808e-01,1.000000000000000000e+00
-1.399911140979567925e+00,2.033679171832736832e-01,0.000000000000000000e+00
-1.115808574444354440e+00,1.372193136940774993e-01,0.000000000000000000e+00
1.561795128579047454e+00,2.238459989216694535e+00,1.000000000000000000e+00
1.076785285379615598e+00,1.991495839950637725e-01,1.000000000000000000e+00
-6.097160592418970904e-02,1.667241275344940876e-01,0.000000000000000000e+00
1.215686206252754253e+00,5.597349452680884241e-01,1.000000000000000000e+00
-2.032832512366571365e+00,-1.208945535887375078e+00,0.000000000000000000e+00
6.256870123181985655e-01,-1.148570017428610646e+00,1.000000000000000000e+00
1.000107118324657929e+00,-9.840652139617406258e-01,1.000000000000000000e+00
-2.516582173367173381e-01,1.411879347852003530e+00,0.000000000000000000e+00
-1.674734086344298323e-01,-7.012426174669490753e-02,1.000000000000000000e+00
-6.594386437395283185e-01,6.981157941312922111e-01,0.000000000000000000e+00
1.138357509616745755e+00,-6.476398079399792174e-01,1.000000000000000000e+00
1.269836735379556547e+00,9.361111609117200860e-01,1.000000000000000000e+00
-1.014205247244873709e+00,-2.900751159063275630e-01,0.000000000000000000e+00
-7.720286047174882427e-01,1.072258455524923049e+00,0.000000000000000000e+00
-1.449624049663543746e+00,5.620225029815292261e-01,0.000000000000000000e+00
-4.584992868606694305e-01,-9.712638050766463360e-01,1.000000000000000000e+00
1.130871282155644142e+00,1.038791401207627585e+00,1.000000000000000000e+00
-3.923241613182142373e-01,1.042891816275130390e+00,0.000000000000000000e+00
1.019897095515473362e+00,6.189524796686050045e-01,1.000000000000000000e+00
-5.930856778361484061e-01,8.420419367148841705e-02,0.000000000000000000e+00
1.134973840629921904e+00,1.876065793692812234e+00,1.000000000000000000e+00
1.096346348345769606e+00,-1.194304014083183985e+00,1.000000000000000000e+00
-1.069142406313810190e+00,-1.296367268768193748e+00,0.000000000000000000e+00
6.152075046413161274e-01,-9.820068470370860725e-01,1.000000000000000000e+00
1.968009233209281117e+00,1.085840636112417990e+00,1.000000000000000000e+00
1.117708215091603119e+00,-9.090267544831502899e-01,1.000000000000000000e+00
-2.198901376888802162e+00,-5.644701850230006146e-01,0.000000000000000000e+00
-1.402690871435178899e+00,5.739207339071588088e-01,0.000000000000000000e+00
-7.112917952842578995e-01,3.020883783056669825e-01,0.000000000000000000e+00
-6.901815003362403722e-01,-1.929520516960544052e+00,0.000000000000000000e+00
8.262735792687015968e-01,1.417035623480950024e+00,1.000000000000000000e+00
3.602182870187710106e-01,1.361166348928702696e+00,1.000000000000000000e+00
7.062729990712144357e-01,2.385424290390851798e+00,1.000000000000000000e+00
4.657436083088348777e-01,8.131274440704324702e-01,1.000000000000000000e+00
7.182321847679549176e-01,4.927792657147425093e-01,1.000000000000000000e+00
-6.843456513081159764e-01,1.717648684106945822e+00,0.000000000000000000e+00
1.409178449630980268e+00,1.533526589086264158e+00,1.000000000000000000e+00
1.533096999839708818e+00,-1.777186567389228200e+00,1.000000000000000000e+00
-1.835653179054481221e+00,-1.945439737743272834e+00,0.000000000000000000e+00
-1.198871276686948262e+00,5.550654567204030831e-01,0.000000000000000000e+00
-2.066165543439853369e+00,2.800198921093007831e-01,0.000000000000000000e+00
5.202753858639197482e-01,1.769002306238491584e-01,1.000000000000000000e+00
-1.076763881324715122e+00,-1.479739503065364420e-03,0.000000000000000000e+00
-9.349048590573416639e-01,3.180431311977899994e-02,0.000000000000000000e+00
1.012496424701343933e+00,-6.387300248359010224e-01,1.000000000000000000e+00
9.670444562808969691e-01,-4.630282604188042384e-01,1.000000000000000000e+00
6.056687086284554544e-01,-8.424673069598122011e-01,1.000000000000000000e+00
-1.897779685409288541e+00,-1.933732182077589901e+00,0.000000000000000000e+00
-1.817501570009849132e+00,1.441031177926028972e+00,0.000000000000000000e+00
1.487559545006867268e+00,-1.790430077285907862e+00,1.000000000000000000e+00
1.322492526219059661e+00,-1.707448379749405110e+00,1.000000000000000000e+00
7.864202286694642607e-01,8.835458366970051491e-01,1.000000000000000000e+00
9.762193174264874873e-01,4.730179849876045006e-01,1.000000000000000000e+00
-1.243881047179488109e-01,1.925536450006733735e-01,0.000000000000000000e+00
8.709229566899002739e-01,1.137118717949452407e+00,1.000000000000000000e+00
-1.343003848303579773e+00,-7.041053888885607792e-01,0.000000000000000000e+00
-5.612127592863858094e-02,-2.904463250026590448e-01,0.000000000000000000e+00
-1.649478847001627280e+00,1.214848445461056636e+00,0.000000000000000000e+00
-9.446706039735576210e-01,2.028218847822308213e+00,0.000000000000000000e+00
5.344789928816393587e-01,3.225801623190254624e-02,1.000000000000000000e+00
1.509498334241020423e+00,2.078067971863882146e+00,1.000000000000000000e+00
-1.103227572627766051e+00,1.159332059639773149e+00,0.000000000000000000e+00
-8.027079994910486516e-01,-1.049079910722392261e+00,0.000000000000000000e+00
-8.925874744090597224e-01,-8.372768061717161814e-01,0.000000000000000000e+00
7.912338482218340685e-01,1.027459470521372153e-01,1.000000000000000000e+00
-1.202364111044960548e+00,-5.688962795588934362e-01,0.000000000000000000e+00
5.857781240544119861e-01,1.396211666836626453e+00,1.000000000000000000e+00
1.058514654603353033e+00,-4.919128785794015662e-02,1.000000000000000000e+00
7.624843581681561844e-01,-1.384312754834490233e+00,1.000000000000000000e+00
9.934923213003667986e-01,-3.018118161662254328e-01,1.000000000000000000e+00
-2.010808883098884614e+00,-8.975848467862140856e-01,0.000000000000000000e+00
-2.270099243184720006e-01,-9.265328068835929631e-01,0.000000000000000000e+00
-1.950059562445952466e+00,-1.594919627663426542e+00,0.000000000000000000e+00
1.108870768186199118e+00,-2.562948681878458590e+00,1.000000000000000000e+00
9.238835811310788237e-01,-1.739887948196816359e+00,1.000000000000000000e+00
1.102047246578372164e+00,-1.967709375365676028e-01,1.000000000000000000e+00
-1.268769192889663833e-01,8.070096065119917172e-01,0.000000000000000000e+00
-1.483884713480277284e+00,9.482780277051793272e-01,0.000000000000000000e+00
-1.285191108673664040e+00,7.393896895270936354e-02,0.000000000000000000e+00
1.576361902034880469e+00,-1.343750979011024249e+00,1.000000000000000000e+00
-9.252852127501294266e-01,-1.226885476193159547e-01,0.000000000000000000e+00
4.748386529070819373e-01,2.214607824873141340e+00,1.000000000000000000e+00
-4.813521314424844544e-01,-9.815548617465737202e-02,0.000000000000000000e+00
-1.384221861324278713e+00,9.227292065370864549e-01,0.000000000000000000e+00
-1.581083592696123974e+00,6.190761800489861244e-01,0.000000000000000000e+00
7.905703443001771413e-01,4.004920002089335518e-01,1.000000000000000000e+00
-9.808072484968483051e-01,4.642910867229544380e-01,0.000000000000000000e+00
1.119948009564963209e+00,1.041498349189102557e+00,1.000000000000000000e+00
-4.898326089377988968e-01,-1.562183876868488142e+00,1.000000000000000000e+00
-1.205712096146178247e+00,-1.820336983378632478e+00,0.000000000000000000e+00
-4.624502200172111444e-01,1.487621929118245756e+00,0.000000000000000000e+00
9.115258261457105382e-01,2.103781539182188465e-01,1.000000000000000000e+00
-1.392656650586167055e-01,2.290472756305517339e-03,0.000000000000000000e+00
1.315395068750588869e-01,1.901891901084065584e+00,0.000000000000000000e+00
-8.840740588281965628e-01,-4.051484153763940804e-02,0.000000000000000000e+00
1.362437245561669785e+00,2.552253964023925570e-01,1.000000000000000000e+00
1.730143632277320709e+00,-3.716501138026980788e-01,1.000000000000000000e+00
1.077752324664636330e+00,6.317233119087591886e-01,1.000000000000000000e+00
-6.528718452133150940e-01,9.063066592128811161e-01,0.000000000000000000e+00
1.047209538583802058e+00,-2.070700217271046473e+00,1.000000000000000000e+00
-1.096043324353542792e-01,-3.967891080792045888e-01,0.000000000000000000e+00
-8.493242618809607736e-01,-5.253936476261983346e-01,0.000000000000000000e+00
1.072889264415315846e+00,-1.853663108593380127e+00,1.000000000000000000e+00
4.350842223156328181e-01,8.989627229213712489e-01,1.000000000000000000e+00
1.570843549936929984e+00,-7.651298047761605492e-01,1.000000000000000000e+00
1.184425979031317411e+00,-9.395207868404000795e-01,1.000000000000000000e+00
-1.319455538327964916e+00,1.601339329691410684e+00,0.000000000000000000e+00
1.306731813653705387e-02,-1.709039950972194577e-01,0.000000000000000000e+00
-1.867964992736659280e+00,-1.609357476153908229e+00,0.000000000000000000e+00
-9.676416198332351559e-01,1.235467811772350544e+00,0.000000000000000000e+00
-5.196790607504500059e-01,4.780565018276383693e-01,0.000000000000000000e+00
-1.829707429575016864e+00,-1.198987314871052590e+00,0.000000000000000000e+00
6.528562988270015799e-01,1.551444858672968330e+00,1.000000000000000000e+00
-1.662656366764428295e+00,-1.931665238653966776e-01,1.000000000000000000e+00
-1.320053009519595477e+00,9.794142249720070303e-01,0.000000000000000000e+00
7.811721150810485570e-01,-7.684180677302401286e-01,0.000000000000000000e+00
1.349437419022269324e+00,-8.199728958734316953e-01,1.000000000000000000e+00
9.475806333305609730e-01,1.242261405062544233e+00,1.000000000000000000e+00
-1.174759370938769143e+00,-7.033598170308764663e-01,0.000000000000000000e+00
2.482966427200300474e-01,-6.260289274441448448e-01,1.000000000000000000e+00
1.360666080123590138e+00,-1.322137009633520162e-02,1.000000000000000000e+00
-1.237380212742339225e+00,-4.560355516219155581e-01,0.000000000000000000e+00
1.043657756708276541e+00,1.357697170695475464e-01,1.000000000000000000e+00
4.117200156754561302e-01,1.705159166513394053e+00,1.000000000000000000e+00
-1.631379963268013267e+00,3.483071098967245871e-01,0.000000000000000000e+00
-1.135528580349075556e-01,-1.377502278843534267e-01,0.000000000000000000e+00
4.248151997470985819e-01,4.177167103514083935e-01,1.000000000000000000e+00
1.568974619207790910e+00,-4.709734592783229035e-01,1.000000000000000000e+00
-4.889592570823209083e-01,8.865464050637603677e-01,0.000000000000000000e+00
7.789213120159624859e-01,4.293278918643253506e-01,1.000000000000000000e+00
1.040894931702942561e+00,4.600482192155578298e-01,1.000000000000000000e+00
3.769089601348728502e-01,-6.793073091608562430e-01,1.000000000000000000e+00
8.196892253419260088e-01,9.040625520623170042e-01,1.000000000000000000e+00
-1.277959591615847934e+00,-4.671839854406014680e-01,0.000000000000000000e+00
8.296459426194715547e-01,-1.162120238764723146e+00,1.000000000000000000e+00
-1.830166455063986231e-02,-1.326580492883930873e+00,0.000000000000000000e+00
5.043361547649716226e-02,2.353419116431941793e-01,1.000000000000000000e+00
8.781269389974294404e-01,1.424774874716266959e+00,1.000000000000000000e+00
-2.384625798939318253e-01,2.181296139955125613e-01,0.000000000000000000e+00
-9.921875733519417428e-01,-9.969313446124540290e-01,0.000000000000000000e+00
-6.558164145242817433e-01,-1.039720666886444045e+00,0.000000000000000000e+00
-7.347645265400003511e-01,4.682199873940011137e-01,0.000000000000000000e+00
1.440410240712764800e+00,6.350379451652826690e-01,1.000000000000000000e+00
1.321410474210738872e+00,-2.735959349174024724e-01,1.000000000000000000e+00
7.896480052420206119e-01,1.526215873946080270e+00,1.000000000000000000e+00
-9.328339337663833497e-01,-1.301173645988227268e-01,0.000000000000000000e+00
3.844882896142145512e-01,8.904011267882596670e-01,1.000000000000000000e+00
1.000436698361383492e+00,-5.632983034217058371e-01,1.000000000000000000e+00
-1.721196697327692871e+00,7.946666688790905431e-01,0.000000000000000000e+00
-9.423505179429159107e-01,-4.028643777368665080e-01,0.000000000000000000e+00
3.047346524273075730e-03,-6.978897694801171336e-02,0.000000000000000000e+00
-1.278521144865011561e+00,1.978378817999827177e+00,0.000000000000000000e+00
9.704971585974988546e-01,-4.496383354534472243e-02,1.000000000000000000e+00
-2.135023082146600082e+00,6.782291875896943045e-01,0.000000000000000000e+00
-1.007336688103591227e+00,-1.374320122363470675e+00,0.000000000000000000e+00
1.438578755439638091e+00,-5.901519213190747903e-01,1.000000000000000000e+00
9.682283117001956319e-01,6.095626215723832786e-01,1.000000000000000000e+00
1.375931958002305944e+00,1.048704981895097754e+00,1.000000000000000000e+00
1.097486796657415331e+00,-1.641132661916252289e+00,1.000000000000000000e+00
1.142742867067430224e+00,-2.357398527513407116e-01,1.000000000000000000e+00
-1.352760565269292226e+00,2.620192361339344633e-01,0.000000000000000000e+00
-5.097691824757591972e-01,5.007272812770930948e-01,0.000000000000000000e+00
-1.396253206230160249e+00,4.761678858482343846e-01,0.000000000000000000e+00
5.649506531293756462e-01,9.841026603138223194e-01,1.000000000000000000e+00
4.367262666939152327e-01,1.342236761795971178e+00,1.000000000000000000e+00
-3.577509704794060719e-01,1.336838364861389107e-02,0.000000000000000000e+00
1.607235973302252985e+00,3.970000714135761277e-01,1.000000000000000000e+00
1.432337185862529116e+00,-1.840742188573519234e-01,1.000000000000000000e+00
1.098277666697450083e+00,1.202274901713878963e-01,1.000000000000000000e+00
1.076127236859278025e+00,-4.850057199111170170e-01,1.000000000000000000e+00
-3.439228224700788816e-01,8.302901913901943320e-01,0.000000000000000000e+00
1.022327442793057317e+00,1.893910166876305201e+00,1.000000000000000000e+00
5.719312609086308896e-01,-2.395151496188908435e+00,1.000000000000000000e+00
1.275974788204971233e+00,3.475200461751162262e-01,1.000000000000000000e+00
1.159686627840810003e+00,1.729753470999263021e+00,1.000000000000000000e+00
-1.567018671605437508e+00,-1.112832019983500675e+00,0.000000000000000000e+00
6.997024951820605132e-01,-5.314784538796423208e-01,0.000000000000000000e+00
8.488195923821499900e-01,-3.433104552673779120e-01,1.000000000000000000e+00
-7.492198576173368929e-01,-7.300923180706145876e-01,0.000000000000000000e+00
-5.729300512599327933e-01,-1.722327809890339401e-01,0.000000000000000000e+00
4.748258165379797280e-01,7.767914400827912180e-01,1.000000000000000000e+00
7.560189165779759302e-01,1.935637844471481239e+00,1.000000000000000000e+00
-5.711817444653433107e-01,-1.167911348115582060e+00,0.000000000000000000e+00
-1.260752353681531268e-01,5.972273342455013401e-01,0.000000000000000000e+00
9.612979163539855376e-01,-1.605700019243292143e-01,1.000000000000000000e+00
-2.488418593168839621e-03,8.552072975063360616e-01,1.000000000000000000e+00
-1.346825975940225018e+00,1.358705606527813026e-01,0.000000000000000000e+00
-1.120770463392146699e-01,-3.890663768179127291e-01,0.000000000000000000e+00
1.094666570901746461e+00,-8.578446950962328454e-01,1.000000000000000000e+00
8.615811793205703228e-01,-5.375513477137227047e-01,1.000000000000000000e+00
-6.918964726435137269e-01,-3.184432068663937132e-01,0.000000000000000000e+00
7.577500268726862220e-01,5.297142529645370024e-01,1.000000000000000000e+00
-1.723074653160492353e+00,9.586744749921641273e-02,0.000000000000000000e+00
8.240831109166133484e-01,3.135716036504477833e-01,1.000000000000000000e+00
-1.534884146922886883e+00,-1.032227813881484747e-02,0.000000000000000000e+00
1.128769834780696257e-01,-9.881509197595839122e-02,0.000000000000000000e+00
1.381532776228850956e+00,6.653274057092549709e-01,1.000000000000000000e+00
-6.032789522677468597e-01,-1.699379139100416047e+00,0.000000000000000000e+00
-7.150977379192315908e-01,3.746944797837060137e-01,0.000000000000000000e+00
-1.847551566621009611e-01,-2.523257584848763446e-02,0.000000000000000000e+00
1.246874200374289199e+00,-6.713571225520007513e-01,1.000000000000000000e+00
1.476821801357582897e+00,-1.419283438022083711e-02,1.000000000000000000e+00
6.564071225481316052e-01,-3.901485432881636184e-01,1.000000000000000000e+00
9.981889294715309280e-01,6.566552685103911324e-01,1.000000000000000000e+00
1.018711358007260870e+00,-5.295494709705965697e-01,1.000000000000000000e+00
-4.356336332976429304e-01,3.542910580409380783e-01,0.000000000000000000e+00
1.113277858294078770e+00,8.624198083332449416e-01,1.000000000000000000e+00
1.126410447184998720e+00,1.589212171092862169e+00,1.000000000000000000e+00
1.403225824075843065e+00,-4.266261111248413340e-01,1.000000000000000000e+00
5.455055267595489976e-01,-8.321067080727967413e-01,1.000000000000000000e+00
9.812831407630403513e-01,-1.881409883832495522e+00,1.000000000000000000e+00
-1.002716451739888548e+00,-5.643278334289865139e-01,0.000000000000000000e+00
8.227266879123450449e-01,-6.465771210367703414e-01,1.000000000000000000e+00
-4.395547413767955103e-01,1.105769727541434433e+00,0.000000000000000000e+00
5.472798142631378759e-01,-1.128734487318645785e+00,1.000000000000000000e+00
-1.336148302760350237e+00,1.292823249672269803e+00,0.000000000000000000e+00
-1.028793617113483494e+00,1.021814481800832342e+00,0.000000000000000000e+00
-1.632874914799590238e+00,-1.321483860082971029e+00,0.000000000000000000e+00
8.203830096477335854e-01,-1.739793022552175161e+00,1.000000000000000000e+00
9.921829916574339547e-01,1.006611864401773110e-01,1.000000000000000000e+00
-4.592877028076635115e-01,-1.919949572915317093e-01,0.000000000000000000e+00
6.734376746086468968e-01,-1.568155617012348069e+00,1.000000000000000000e+00
1.374427003231342592e+00,1.302175310658407748e+00,1.000000000000000000e+00
-1.509900803582566065e+00,4.792201683742438600e-01,0.000000000000000000e+00
-8.473767357088317631e-01,2.318585795262020355e+00,0.000000000000000000e+00
2.782924992881927739e-01,6.611187419516839636e-01,1.000000000000000000e+00
-1.460470736823182847e+00,-1.247933589964200118e+00,0.000000000000000000e+00
-1.632817704473725096e+00,-2.761006412649517072e-01,0.000000000000000000e+00
1.386772432182521664e+00,-5.404424218025647431e-01,1.000000000000000000e+00
1.152000032886899561e+00,-1.201732798968577542e+00,1.000000000000000000e+00
-5.642362646560281636e-01,8.109231527453939492e-01,0.000000000000000000e+00
-8.893845420264889778e-01,6.614057121642470394e-01,0.000000000000000000e+00
-3.546808337557429969e-01,5.162669758026731115e-01,0.000000000000000000e+00
-1.327159276365278640e+00,1.076650443083649877e+00,0.000000000000000000e+00
8.944227959398398653e-02,-2.392019011293560760e-01,0.000000000000000000e+00
-1.913247564097037001e-01,7.736514076999465583e-01,0.000000000000000000e+00
-4.471004317031671560e-01,4.325429494803552100e-01,0.000000000000000000e+00
-4.797563412016025985e-01,-1.281611907861765154e+00,0.000000000000000000e+00
9.701450571010523660e-01,1.107190161726651301e+00,1.000000000000000000e+00
1.186015551753031305e+00,9.118188306646697328e-01,1.000000000000000000e+00
8.391057964250032697e-01,7.288517171138240158e-01,1.000000000000000000e+00
-1.273665751294193127e+00,-1.856644020817768803e+00,0.000000000000000000e+00
4.648415306096044253e-01,-1.018270133471013833e-01,1.000000000000000000e+00
8.683846578855936027e-01,-2.607687481293385012e+00,1.000000000000000000e+00
4.975602302999702076e-01,-8.370950866145581148e-01,1.000000000000000000e+00
9.841706640752392321e-01,1.400559765130837242e+00,1.000000000000000000e+00
1.136387502330338251e+00,1.103943115962269017e+00,1.000000000000000000e+00
8.363193705512541598e-01,1.999399067810167796e-01,1.000000000000000000e+00
-1.077203912692860310e+00,-5.495094341398489013e-02,0.000000000000000000e+00
8.488649609942326979e-01,4.814546636547903380e-01,1.000000000000000000e+00
2.289356130267485856e-01,-5.106983314934919749e-01,1.000000000000000000e+00
1.261625434049653327e+00,-9.899509147235870943e-01,1.000000000000000000e+00
-1.119374227745244976e+00,-1.070267740208051599e+00,0.000000000000000000e+00
1.051721095759658109e+00,-9.162114731426915792e-01,1.000000000000000000e+00
-8.530905536687751756e-01,-9.662169490372415348e-01,0.000000000000000000e+00
8.030510516526774278e-01,-2.569631748136682603e+00,1.000000000000000000e+00
1.107278749024238396e+00,6.418673367550719044e-01,1.000000000000000000e+00
9.839769803943965165e-01,5.370811148482376174e-01,1.000000000000000000e+00
1.064808370713767216e+00,1.567800549715476777e+00,1.000000000000000000e+00
-2.199169835894743130e-04,-7.011154269970747421e-01,0.000000000000000000e+00
-8.318774503843291424e-01,1.091452881328376145e+00,0.000000000000000000e+00
1.175198890775223104e+00,-2.747192179366172438e-01,1.000000000000000000e+00
1.168370181359062343e+00,-9.214982693770678024e-01,1.000000000000000000e+00
4.993420087063830115e-01,1.372791127441425951e+00,1.000000000000000000e+00
-1.783928230406068627e+00,-9.261466813972895062e-01,0.000000000000000000e+00
-1.172761492395581584e+00,8.909100515440254719e-01,0.000000000000000000e+00
-8.297697073743532936e-01,-1.489959344983387224e+00,0.000000000000000000e+00
-2.323398654145454323e-01,-1.295397067587030215e-01,0.000000000000000000e+00
1.194076511977584021e+00,-1.351341939590761987e+00,1.000000000000000000e+00
1.339149987464425484e+00,-8.140676806179890646e-01,1.000000000000000000e+00
-1.276563718179140716e+00,6.072185944404405733e-01,0.000000000000000000e+00
-2.416351010724156811e+00,9.618860151061143782e-01,0.000000000000000000e+00
-1.448297105468848267e+00,9.367289840185087924e-01,0.000000000000000000e+00
1.279559850002728760e+00,-3.096151675570208428e-01,1.000000000000000000e+00
1.068605423715257574e+00,-2.238279194140178063e-01,1.000000000000000000e+00
-1.320074050709509894e+00,-2.928733395137085860e-01,0.000000000000000000e+00
1.038837969473038303e+00,2.963068760310602068e-01,1.000000000000000000e+00
6.598190517543556233e-01,-1.086241407250707197e-01,1.000000000000000000e+00
1.003065400857816369e+00,1.081885045509914711e+00,1.000000000000000000e+00
-1.697514592171474934e+00,-7.319625332020810449e-01,0.000000000000000000e+00
3.522394248946394413e-01,8.675772227770415235e-01,0.000000000000000000e+00
-1.829900145740245510e+00,-1.505972105333919453e+00,0.000000000000000000e+00
-1.175799008264109435e+00,1.182417518489324193e+00,0.000000000000000000e+00
-7.088498632897189955e-01,-1.938512222541457275e+00,0.000000000000000000e+00
-9.249685831847992423e-01,3.542831576127136173e-01,0.000000000000000000e+00
-1.617113720381673891e+00,-1.284380545134162499e-01,0.000000000000000000e+00
1.291040621528961152e+00,-6.285345922869860491e-01,1.000000000000000000e+00
1.084155616911210096e+00,6.145910946739480130e-01,1.000000000000000000e+00
-4.157397187269443739e-01,3.468567173774700363e-01,0.000000000000000000e+00
-1.179449524585163722e+00,-4.251869195689510494e-01,0.000000000000000000e+00
9.725522808233143524e-01,1.060115434117560262e+00,1.000000000000000000e+00
-6.816626249141555238e-01,-4.685584380595858023e-01,0.000000000000000000e+00
-1.354423546309466930e+00,-1.052926947773892064e+00,0.000000000000000000e+00
3.706062455462543204e-01,-2.819497053256463936e-01,1.000000000000000000e+00
-8.144241378554719635e-01,1.800780139164668836e-01,0.000000000000000000e+00
1.010704026591582538e+00,-9.267128143538353457e-01,1.000000000000000000e+00
-3.242934183259876812e-01,-1.243821855445008007e+00,0.000000000000000000e+00
3.662354288222320342e-01,1.796770862960125892e-01,1.000000000000000000e+00
1.258068669753305668e+00,5.276030537993107172e-01,1.000000000000000000e+00
7.722119638250355411e-01,-1.001548563313299445e+00,1.000000000000000000e+00
-1.155568958593824469e-01,-2.022281351971830787e+00,1.000000000000000000e+00
1.666804505023810279e+00,4.463525366114603349e-02,1.000000000000000000e+00
6.017323915182679617e-01,2.823095939644159058e-01,1.000000000000000000e+00
1.208373648455841387e+00,-3.838651351519287713e-01,1.000000000000000000e+00
-4.588102289513115162e-01,-4.590248522095567718e-02,0.000000000000000000e+00
-8.390473068306328885e-01,5.445755137968028015e-01,0.000000000000000000e+00
-6.226528380664135831e-01,1.291052478984575869e+00,0.000000000000000000e+00
7.648353452255522988e-01,7.539980686905926044e-01,1.000000000000000000e+00
1.222482053321782391e+00,1.502904336537248753e+00,1.000000000000000000e+00
-1.563916095432674735e+00,-1.456524932496504832e+00,0.000000000000000000e+00
1.415344260775185381e+00,-2.631701518983223242e-01,1.000000000000000000e+00
-5.691669372927532500e-01,-2.440650833320886504e-01,0.000000000000000000e+00
-5.880961160722211201e-01,-7.942546596597698239e-01,0.000000000000000000e+00
-2.026368941400867207e+00,-5.444767690890399692e-01,0.000000000000000000e+00
3.202648380723001065e-01,-5.067281796691198714e-01,0.000000000000000000e+00
6.722153030170410215e-01,7.768290864519002970e-01,1.000000000000000000e+00
5.481277791653829112e-01,3.447746230263455391e-01,1.000000000000000000e+00
-1.142615443546661558e+00,1.068047126215191933e-01,0.000000000000000000e+00
1.769513079600706806e+00,6.596459403266008437e-02,1.000000000000000000e+00
9.421547699834166290e-01,-1.600445856787661159e+00,1.000000000000000000e+00
1.051511801836977344e+00,2.409553875817219137e-01,1.000000000000000000e+00
-7.429074036632932199e-01,4.660400171197327801e-02,0.000000000000000000e+00
-1.348113486204618239e+00,-2.576646892503628439e-01,0.000000000000000000e+00
7.544043711119230444e-01,1.209966250521760989e+00,0.000000000000000000e+00
1.049334014500614254e+00,1.025629299967724339e+00,1.000000000000000000e+00
7.876530172875875202e-01,-2.461713475856728006e-01,1.000000000000000000e+00
1.771040166187094922e+00,-7.703901134613785895e-02,1.000000000000000000e+00
-1.339057424568936616e+00,3.807512502525825515e-01,0.000000000000000000e+00
-8.591071044399314349e-01,-1.966402009456925948e-02,0.000000000000000000e+00
-1.083903065025253465e+00,-6.504885222762899488e-01,0.000000000000000000e+00
8.036522242513319814e-01,-1.138855422253689742e+00,1.000000000000000000e+00
-1.444079688055770028e+00,-9.252829133352574731e-01,0.000000000000000000e+00
1.359618151661005525e+00,5.573822034604478670e-01,1.000000000000000000e+00
-9.858155425730835697e-01,3.349629093058047458e-01,0.000000000000000000e+00
-9.549165581772137701e-01,-4.865274530488820082e-01,0.000000000000000000e+00
-3.330980410431049199e-01,1.174329667511827324e+00,0.000000000000000000e+00
5.964306529879148666e-01,-3.303910222223317428e-01,1.000000000000000000e+00
1.384478706163462025e+00,6.489953082797756956e-01,1.000000000000000000e+00
-9.306531307083479865e-01,9.055769869000970806e-02,0.000000000000000000e+00
9.899693618280563934e-01,-2.279577116829148709e-01,1.000000000000000000e+00
-8.670155930617076123e-01,-8.230044947927248611e-01,0.000000000000000000e+00
1.479337643919890866e+00,7.831266980828390789e-01,1.000000000000000000e+00
-6.267215341829219799e-01,-1.019527363723138791e+00,0.000000000000000000e+00
1.115549750554888142e+00,7.939144203058948190e-02,1.000000000000000000e+00
1.143946533211654959e-01,9.698186580714190930e-01,1.000000000000000000e+00
6.793824653191025131e-01,1.675507885735828317e+00,0.000000000000000000e+00
1.508217087150679037e+00,8.928405648431431141e-01,1.000000000000000000e+00
9.817346096841804703e-01,-5.979400473636320434e-01,1.000000000000000000e+00
-5.717674714683872450e-01,1.141565562535551415e+00,0.000000000000000000e+00
7.821816960034686517e-01,3.822862252916427867e-02,1.000000000000000000e+00
-7.062147255767150522e-01,-9.583202934622805924e-02,0.000000000000000000e+00
-1.213682219865052758e+00,-5.175719927642180584e-02,0.000000000000000000e+00
4.331724307743249902e-01,2.987988648485403465e-01,1.000000000000000000e+00
-5.686802837817126477e-01,-5.476195805262689120e-01,0.000000000000000000e+00
-1.312981321474003593e+00,3.039940539730520142e-01,0.000000000000000000e+00
8.311198551228383691e-01,1.014527429620518895e+00,1.000000000000000000e+00
1.059173083991274300e+00,1.088332982329251131e+00,1.000000000000000000e+00
7.231204413936327402e-01,2.889195896821138421e-01,1.000000000000000000e+00
7.791967480290101777e-01,4.102585937389460202e-01,1.000000000000000000e+00
-3.823038020231103173e-01,4.160250062686842720e-01,0.000000000000000000e+00
-1.869526986373489574e+00,1.202743490348365363e+00,0.000000000000000000e+00
1.194178343002964882e+00,3.737519464073579822e-02,1.000000000000000000e+00
-4.351135021156615768e-01,5.917576852408493737e-01,0.000000000000000000e+00
-3.693850862431430349e-01,-1.549519405922900050e-01,0.000000000000000000e+00
6.150906770680200086e-01,-1.476232486957983481e-01,1.000000000000000000e+00
1.429506081758664671e-01,-3.617599801481410915e-01,0.000000000000000000e+00
-9.177028842212360260e-01,-7.528128791438745138e-01,0.000000000000000000e+00
-1.130216290721195005e+00,1.523103985363447377e+00,0.000000000000000000e+00
-1.065555640313950558e+00,-1.544689856866175326e+00,0.000000000000000000e+00
5.545803153882387093e-01,1.588985165355278825e-02,1.000000000000000000e+00
-1.690240748700547968e+00,-7.154591872702786848e-02,0.000000000000000000e+00
-5.259245446417337710e-01,1.616881045323196986e+00,0.000000000000000000e+00
-1.423018805975056811e+00,-2.014846751780333012e+00,0.000000000000000000e+00
1.308502113386282861e+00,1.728143937722654622e+00,1.000000000000000000e+00
7.391299774666373334e-01,2.711260906617152688e+00,1.000000000000000000e+00
4.029063470057152596e-01,-4.935564853783185879e-01,1.000000000000000000e+00
9.589134326915047524e-01,8.509966522232690345e-01,1.000000000000000000e+00
-7.626829684989537839e-01,-1.109869661547241204e+00,0.000000000000000000e+00
7.757169863810481347e-01,1.220192741262917213e+00,1.000000000000000000e+00
8.656333869564828420e-01,1.169730491545412088e+00,1.000000000000000000e+00
6.514792068716910300e-01,1.244186630126083437e-01,1.000000000000000000e+00
1.170762956123665655e+00,1.196373176351989281e-01,1.000000000000000000e+00
-9.270624639302718073e-01,-1.999202538060028400e-01,0.000000000000000000e+00
2.728455999077441518e-01,4.827870524801152197e-01,0.000000000000000000e+00
-8.027008686581057484e-01,7.020374369597620623e-02,0.000000000000000000e+00
6.767253364129037774e-01,-8.419442843555733358e-01,1.000000000000000000e+00
-1.786752935605782078e+00,4.483627854078496289e-01,0.000000000000000000e+00
-8.179727501871425499e-01,6.573165576405568533e-01,0.000000000000000000e+00
1.216077256783589355e+00,1.948478725609825490e+00,1.000000000000000000e+00
7.094613183046476479e-01,5.379386491443111096e-01,1.000000000000000000e+00
1.158458016497393217e+00,-1.943763597882964822e-01,1.000000000000000000e+00
-5.069963658894223180e-01,-3.888154557617898854e-01,0.000000000000000000e+00
2.592579404477027838e-01,9.623283495250686825e-02,1.000000000000000000e+00
3.133056181399267448e-01,1.458501798026304586e-01,0.000000000000000000e+00
-6.594893661828702403e-01,2.278962756418056568e+00,0.000000000000000000e+00
1.023135248823832555e+00,-9.827751708528996710e-01,1.000000000000000000e+00
9.159430310732821212e-01,3.326866229627111204e-01,1.000000000000000000e+00
1.216737178126479746e+00,-2.803674323150425612e-02,1.000000000000000000e+00
6.489121382003120164e-01,-9.223513780246540561e-01,1.000000000000000000e+00
5.511937720141757424e-01,-3.323701386520232920e-02,0.000000000000000000e+00
-1.136036729309971571e+00,6.951562486639349947e-01,0.000000000000000000e+00
2.442800652531454952e-01,-2.626960157090768924e-02,1.000000000000000000e+00
1.458036027418442071e+00,-1.326360150793814752e+00,1.000000000000000000e+00
-1.026129362010454127e+00,1.262487799738170491e+00,0.000000000000000000e+00
1.462465045889340898e+00,1.386211418241778404e+00,1.000000000000000000e+00
-1.485181960965840764e+00,1.870891978895799501e-01,0.000000000000000000e+00
-1.614168807706125364e+00,4.437618324563038508e-01,0.000000000000000000e+00
4.539069168779178431e-01,-7.157695579203033898e-01,1.000000000000000000e+00
-3.102139149538480911e-01,1.636224483197650903e+00,0.000000000000000000e+00
7.251301060648234209e-01,6.800717695124575135e-01,1.000000000000000000e+00
-1.385173641026000713e+00,4.748096008630876552e-01,0.000000000000000000e+00
-1.010840502274239494e+00,-1.428770494899179733e+00,0.000000000000000000e+00
-1.044073864557984344e+00,1.262736914844439617e+00,0.000000000000000000e+00
-1.545546399633592083e+00,-8.080482620246759451e-02,0.000000000000000000e+00
4.150258426007868984e-02,8.066209370906815002e-01,0.000000000000000000e+00
6.173278029796451793e-01,-1.225343282862041194e+00,1.000000000000000000e+00
7.330396080890322352e-01,-1.270483202923093025e+00,1.000000000000000000e+00
-1.378904824165035015e+00,4.545917079586190290e-01,0.000000000000000000e+00
-2.182791725043598419e+00,9.853086836558186956e-01,0.000000000000000000e+00
-1.936716269464588525e+00,4.938322074456593658e-01,0.000000000000000000e+00
1.282361884675161878e+00,9.334524516957491969e-01,1.000000000000000000e+00
1.648952219527644480e+00,1.928739597137844486e+00,1.000000000000000000e+00
-9.945755750608484824e-01,-5.373148365748927624e-01,0.000000000000000000e+00
7.664176099867593406e-01,-2.078059337115141680e+00,1.000000000000000000e+00
1.289306256740022416e+00,7.517042066056670579e-01,1.000000000000000000e+00
9.104474153807946557e-01,-1.440452329496378914e+00,1.000000000000000000e+00
-1.017778859372405753e+00,-2.763334983075896867e-01,0.000000000000000000e+00
1.087193063642602375e+00,1.310452314222656511e+00,1.000000000000000000e+00
1.926568744886880680e-02,2.009174690554101250e+00,0.000000000000000000e+00
1.356625677523801698e+00,-7.920204693687152853e-01,1.000000000000000000e+00
-1.723310586156779900e-01,-1.209074809610094503e+00,0.000000000000000000e+00
-2.480254246246916816e-01,2.267382223041751466e-01,0.000000000000000000e+00
7.705313774409981997e-01,7.296464835768666501e-02,1.000000000000000000e+00
5.318696794741104572e-01,5.749990072804666008e-01,1.000000000000000000e+00
-9.548245569226587737e-02,-1.456328086576903269e+00,0.000000000000000000e+00
1.034354019754370579e+00,6.887873944162412054e-02,1.000000000000000000e+00
4.523954725474792493e-01,2.823921029346273398e-02,1.000000000000000000e+00
-1.084298012320228377e+00,-1.749598972072985870e+00,0.000000000000000000e+00
1.210283883263976623e+00,-3.880873058446905610e-02,1.000000000000000000e+00
1.032113842491695133e+00,-4.871936151690996891e-02,1.000000000000000000e+00
-2.544913032196239877e-01,-4.270232471386623679e-02,0.000000000000000000e+00
-1.705754567587439929e+00,-1.509285389139074951e+00,0.000000000000000000e+00
1.176678267123859589e+00,2.444616854687814145e-01,1.000000000000000000e+00
-8.925555181436780616e-01,-1.407685506807748455e-01,0.000000000000000000e+00
7.096305930159808595e-01,9.470313502335643285e-01,1.000000000000000000e+00
-1.206910466537506332e+00,-7.340665401115248345e-01,0.000000000000000000e+00
-1.222763649603352709e+00,-1.605522620510985821e+00,0.000000000000000000e+00
8.441923032518039438e-01,3.269857653265527686e-01,1.000000000000000000e+00
-1.044991106199447906e+00,9.983182441095362902e-01,0.000000000000000000e+00
-1.045544871352111826e+00,1.206157095622126807e+00,0.000000000000000000e+00
-1.652523189623585020e+00,-2.328790068140688951e-01,0.000000000000000000e+00
3.363202572869360418e-01,-3.936951516974124266e-01,1.000000000000000000e+00
1.174275360647832001e+00,-1.161838763819884462e-01,1.000000000000000000e+00
-1.262572989754882080e+00,3.956630555113215819e-01,0.000000000000000000e+00
1.312018626036313584e+00,-2.285570338066137894e-02,1.000000000000000000e+00
1.212466680853950818e+00,-5.695670815814025678e-01,1.000000000000000000e+00
-2.722236451708779370e+00,1.207607655900161614e+00,0.000000000000000000e+00
9.103605379853302315e-01,-1.727497369495776258e+00,1.000000000000000000e+00
4.381613147337153347e-01,-1.164690544540282424e+00,1.000000000000000000e+00
-6.549516362126956981e-01,9.320113766346095341e-01,0.000000000000000000e+00
-9.911943654757664479e-01,-6.041535364133776564e-01,0.000000000000000000e+00
7.554434150170201701e-01,4.374028852994586714e-02,1.000000000000000000e+00
-1.166577705450698055e+00,-1.424416645532970982e-01,0.000000000000000000e+00
-1.940361258503345843e+00,6.884565389762233867e-01,0.000000000000000000e+00
1.662919332314711562e+00,-1.068380470831101992e+00,1.000000000000000000e+00
9.611766936457603050e-01,2.169292960816463278e+00,1.000000000000000000e+00
-1.171379044826790450e+00,3.610442646074895623e-01,0.000000000000000000e+00
1.078049032693535025e+00,-6.152095060301475682e-01,1.000000000000000000e+00
1.080865732313060379e+00,-3.832938316948024671e-01,1.000000000000000000e+00
5.879673058219869741e-01,3.736609557164435880e-01,1.000000000000000000e+00
8.575221339046887881e-01,-4.852236553263172825e-02,1.000000000000000000e+00
1.059337072712592587e+00,-1.909499150784701726e-01,1.000000000000000000e+00
-1.626953951839331669e-01,-1.343828130243046870e-01,0.000000000000000000e+00
1.265224974788556001e+00,-5.257902384208553714e-01,1.000000000000000000e+00
1.289420301500325827e+00,3.352560473638439564e-01,1.000000000000000000e+00
1.137258530768978204e+00,8.425874333172738151e-01,1.000000000000000000e+00
1.139058419728948168e+00,7.414864357565831288e-01,1.000000000000000000e+00
1.276938548123527362e+00,3.204429528551182016e-01,1.000000000000000000e+00
6.096076238059418007e-01,-9.262174396547181998e-02,1.000000000000000000e+00
8.222332033744945701e-01,-2.121028888506585108e+00,1.000000000000000000e+00
1.104505942216715608e+00,1.334033020576033790e+00,1.000000000000000000e+00
1.250847882292957181e+00,-1.040055259988784675e-01,1.000000000000000000e+00
7.318097083574832684e-01,1.017055942352693254e+00,1.000000000000000000e+00
-1.915643384905528324e+00,7.547617277661493318e-02,0.000000000000000000e+00
-7.608355257637103852e-01,-2.818488942984758716e-01,0.000000000000000000e+00
-1.144706539978737947e+00,-1.060861108484469018e+00,0.000000000000000000e+00
4.280973222091483121e-01,1.192101240646887383e+00,1.000000000000000000e+00
1.085471903838867824e+00,8.774518196816188942e-01,1.000000000000000000e+00
6.710188229111361258e-01,2.802604811659004658e-01,1.000000000000000000e+00
-1.562453308102483174e+00,-8.756060987115316108e-01,0.000000000000000000e+00
-8.400281297411121839e-01,1.280043848774644832e+00,0.000000000000000000e+00
1.703038671398800386e+00,2.429810691166665926e+00,1.000000000000000000e+00
-1.312493199615426986e+00,-6.405796623738816420e-01,0.000000000000000000e+00
-3.474789762993728548e-01,1.862503597605111194e+00,0.000000000000000000e+00
-1.630426298678274044e+00,1.257155177301100268e-02,0.000000000000000000e+00
1.031248910624599890e+00,-6.587674459628413137e-01,1.000000000000000000e+00
-3.351560544205492986e-01,-1.152950225279834040e+00,0.000000000000000000e+00
-1.355616319183588381e+00,-8.120309039368671655e-01,0.000000000000000000e+00
-8.990456820246407466e-01,-4.158226005180261087e-01,0.000000000000000000e+00
6.603163337201400918e-01,-3.508153155851198024e-01,1.000000000000000000e+00
1.045397194142263286e+00,1.971491567522073884e+00,1.000000000000000000e+00
-4.679204744090037504e-01,-2.582299281366727151e+00,0.000000000000000000e+00
-1.734901167673089439e+00,-3.962683623139768851e-01,0.000000000000000000e+00
-9.910019419291736797e-01,1.121239060518705921e+00,0.000000000000000000e+00
-1.111646004493000772e+00,-1.028501353814912145e+00,0.000000000000000000e+00
-1.541901544155046322e+00,1.538944564217741562e-01,0.000000000000000000e+00
8.531290729136359330e-01,-2.442177901279818819e+00,1.000000000000000000e+00
1.372270121569873158e+00,-8.651251196458725756e-01,1.000000000000000000e+00
-5.686914424962790093e-01,8.940249207581055790e-01,0.000000000000000000e+00
7.529558756157104238e-01,-1.581728602686900964e-01,1.000000000000000000e+00
6.575144530024590317e-02,-3.887908989023406980e-01,0.000000000000000000e+00
9.846718327529200288e-01,4.133216068948294408e-01,1.000000000000000000e+00
-1.636401101308721850e+00,-2.869197227685229556e+00,0.000000000000000000e+00
3.531214764206337398e-01,1.664102971896340266e+00,1.000000000000000000e+00
4.666012955259108974e-01,8.644270670473598317e-01,0.000000000000000000e+00
1.178794702041005671e+00,-6.103112705088932222e-01,1.000000000000000000e+00
-1.763869640799714755e+00,-1.207345523239381713e+00,0.000000000000000000e+00
-1.473489523368663123e+00,7.142610130399412727e-01,0.000000000000000000e+00
-1.853896380677974243e+00,5.756080397417709937e-01,0.000000000000000000e+00
-6.377821136672872093e-01,1.665358890945516646e-01,0.000000000000000000e+00
-1.107183538628697450e+00,-2.760639393089577842e-01,0.000000000000000000e+00
-6.717412025321176650e-01,1.290120936674667707e-01,0.000000000000000000e+00
1.377164731769128014e+00,-1.529985273164606585e-01,1.000000000000000000e+00
8.129947767002396741e-01,-1.049344914446749710e+00,1.000000000000000000e+00
-1.065716324021424244e+00,-5.026641334462975674e-01,0.000000000000000000e+00
1.274655002947584048e+00,4.760150694476918409e-01,1.000000000000000000e+00
-5.820487827106748391e-01,-1.752841952591954522e+00,0.000000000000000000e+00
-1.128421351767075365e+00,1.836375746422191091e-01,0.000000000000000000e+00
-6.537906830421401638e-01,1.051393417521751639e+00,0.000000000000000000e+00
8.745293978319399475e-01,2.659237029210810288e-01,1.000000000000000000e+00
-6.260486880006499444e-01,1.994542512867875983e+00,0.000000000000000000e+00
-8.811610437724358702e-01,-7.669959676485044175e-02,0.000000000000000000e+00
1.357137917060127874e+00,-5.387343482260102956e-01,1.000000000000000000e+00
-1.598354691915114589e+00,8.046554626889108608e-01,0.000000000000000000e+00
-5.157598312211967295e-01,-6.291147497386472276e-01,0.000000000000000000e+00
-8.518047472699534772e-01,-1.378996262481563928e+00,0.000000000000000000e+00
-1.564952095939099230e+00,-2.417574932981625846e+00,0.000000000000000000e+00
-1.267976640970920776e+00,-6.471581325335223900e-01,1.000000000000000000e+00
4.145093554220862231e-01,-1.264246694939276550e+00,1.000000000000000000e+00
6.235432208416136213e-02,-4.124022630789980770e-01,0.000000000000000000e+00
1.263374897308636058e+00,6.501379057902485492e-01,1.000000000000000000e+00
8.759478736069480354e-01,-8.805478680433066474e-01,1.000000000000000000e+00
-1.330465929875128239e+00,1.001879157616834215e+00,0.000000000000000000e+00
1.019257307206766328e+00,-2.156596976249652187e+00,1.000000000000000000e+00
-9.489877849902521589e-01,-2.654422438242304838e-01,0.000000000000000000e+00
-3.564410646718085829e-01,-2.791986899599424587e-01,0.000000000000000000e+00
-1.604758983704406283e+00,-4.867540655995001297e-01,0.000000000000000000e+00
1.030393444095027089e+00,-2.664812416881590096e-01,1.000000000000000000e+00
6.300993971692121498e-01,-2.097030324698299364e-01,1.000000000000000000e+00
-6.603259687387768029e-01,-5.019828579737156682e-01,0.000000000000000000e+00
-2.235328656281435622e-01,-7.123516899512715161e-01,0.000000000000000000e+00
-4.968688148077928801e-01,1.316841189338202600e+00,0.000000000000000000e+00
4.887558188324523378e-01,2.517244982988914859e-01,1.000000000000000000e+00
-1.107881346623467822e+00,1.538031388547310974e-01,0.000000000000000000e+00
1.201914713353263053e+00,4.963011327566331787e-01,1.000000000000000000e+00
-1.988612241454876806e+00,8.295307935191646997e-01,0.000000000000000000e+00
-2.159653112629199567e-01,-9.013401251343330367e-01,0.000000000000000000e+00
8.234774586205633184e-01,3.222537222758300318e-02,1.000000000000000000e+00
-1.445661499230919800e+00,1.117496623941209188e+00,0.000000000000000000e+00
1.312457316475502900e+00,-3.120995037986185050e-01,1.000000000000000000e+00
4.879591529498419344e-01,1.344937941062759046e-01,1.000000000000000000e+00
-6.529172241983169922e-01,2.635483215983092098e-01,0.000000000000000000e+00
-9.876373338149193604e-01,2.045275195225552345e+00,0.000000000000000000e+00
-8.277676755091464278e-01,-7.591763274811287321e-01,0.000000000000000000e+00
-9.021240684703049073e-01,-1.086946004935628762e+00,0.000000000000000000e+00
-1.892279741921642167e+00,5.323805032584449926e-01,0.000000000000000000e+00
-1.333923580180653046e+00,1.756995445571285508e+00,0.000000000000000000e+00
5.239130813231596129e-01,1.555847792482441261e-01,1.000000000000000000e+00
9.125035647716941423e-01,-1.524630427810582889e+00,1.000000000000000000e+00
-7.706370357085726708e-01,-1.774957182185594728e+00,0.000000000000000000e+00
1.286318685749532342e+00,9.491232791374852873e-01,1.000000000000000000e+00
1.039068011298689642e+00,2.940919181605905486e-01,1.000000000000000000e+00
-8.476590435420795488e-01,7.026226271786166766e-01,0.000000000000000000e+00
9.829605835499427569e-01,-1.282366280040202033e+00,1.000000000000000000e+00
-1.332432376738858171e+00,4.428796307098037399e-02,0.000000000000000000e+00
1.338164967974390329e+00,-1.545806555281873829e+00,1.000000000000000000e+00
1.658334826802680073e+00,-3.136687304942912258e-01,1.000000000000000000e+00
-1.108807069299595494e+00,-9.102981276062928062e-01,0.000000000000000000e+00
-8.677863279682104247e-01,7.894478487726624971e-01,0.000000000000000000e+00
1.107387517095006713e+00,-7.421900354236898867e-01,1.000000000000000000e+00
-5.327156209556431765e-01,3.807797635514808404e-02,0.000000000000000000e+00
1.445236292393125455e+00,-9.309704257957047979e-02,1.000000000000000000e+00
-2.143295487055538295e+00,7.516771190976179184e-01,0.000000000000000000e+00
-1.506997179505483953e+00,-1.064863688205226699e+00,0.000000000000000000e+00
-5.649306640404445634e-01,5.632952360609559950e-01,0.000000000000000000e+00
4.592152305599133122e-01,2.767290495861199351e-01,1.000000000000000000e+00
1.369200821421301839e+00,7.935684637971870403e-01,1.000000000000000000e+00
-1.860199532523358235e+00,-5.251138124008686292e-01,0.000000000000000000e+00
-6.679331490539656135e-01,1.174310195282336933e+00,0.000000000000000000e+00
-1.877128170893916037e+00,-1.060015696232179838e+00,0.000000000000000000e+00
1.624334292539386215e+00,1.459448248958546829e-02,1.000000000000000000e+00
1.027943136920420608e+00,1.736992282005083821e+00,1.000000000000000000e+00
5.805016200691210937e-01,6.491582419125293546e-01,1.000000000000000000e+00
-1.103332975267071969e+00,1.094119089180052073e+00,0.000000000000000000e+00
-1.913137890288196585e+00,5.491765536418627969e-01,1.000000000000000000e+00
-1.643869989707215318e+00,1.058318078652063093e-01,0.000000000000000000e+00
1.819961382981429843e-01,-5.092590116450665949e-01,1.000000000000000000e+00
-1.355689073306947545e+00,1.751738301009544863e+00,0.000000000000000000e+00
1.334863395442153600e+00,-6.971004824019936263e-01,1.000000000000000000e+00
7.721065613934090521e-01,1.115434633953869964e-01,1.000000000000000000e+00
1.369812432062298635e+00,-1.956737886867367715e+00,1.000000000000000000e+00
9.973688459327109124e-01,4.369669353757983932e-01,1.000000000000000000e+00
7.513519973705196087e-01,-1.635363893137757041e-01,1.000000000000000000e+00
1.150478126402071144e+00,-3.942700405367416394e-01,1.000000000000000000e+00
-1.638070176170005166e+00,-1.552669148403575061e+00,0.000000000000000000e+00
-9.806312996374482172e-01,4.283698269510782808e-01,0.000000000000000000e+00
9.115136957995072509e-01,-8.328597278806908477e-01,1.000000000000000000e+00
-2.730287810826333761e+00,5.389033653058831197e-01,0.000000000000000000e+00
5.495473275968912885e-01,9.257852817217112618e-01,1.000000000000000000e+00
-1.408406103564822098e+00,2.240471457865761629e+00,0.000000000000000000e+00
-1.471678872121274573e+00,-7.204083204757641967e-01,0.000000000000000000e+00
-1.747992348582971145e+00,-1.545816543470449611e-01,0.000000000000000000e+00
-2.848325329056325961e-01,7.822758334832410343e-01,0.000000000000000000e+00
7.851460904095536320e-01,-1.223704094141417231e+00,1.000000000000000000e+00
-1.714083955019967576e+00,-1.387294902009508668e+00,0.000000000000000000e+00
-1.304029112460058260e+00,4.894595466739238288e-01,0.000000000000000000e+00
1.300276387574141213e+00,6.031724734388500542e-01,1.000000000000000000e+00
-1.531827348334955818e+00,-3.582013659937588468e-01,0.000000000000000000e+00
1.371654970558256803e+00,-1.052974065923385716e+00,1.000000000000000000e+00
-1.350225389981098312e+00,-5.643959493008003925e-01,0.000000000000000000e+00
-2.876708542398734858e-01,2.341856275932978626e+00,0.000000000000000000e+00
-2.382787010423661478e-01,3.290398966488491950e-02,0.000000000000000000e+00
1.476284102326919312e+00,-3.040068677218434323e-01,1.000000000000000000e+00
-1.785773945243820826e+00,-6.611158914980225232e-02,0.000000000000000000e+00
-3.265098782795270438e-01,2.463504875848315567e+00,0.000000000000000000e+00
5.019797464882236326e-03,-8.668524218358950595e-01,0.000000000000000000e+00
9.068849477758316180e-01,-2.067622980297397550e+00,1.000000000000000000e+00
1.093457705734058871e+00,-1.619557082955193961e+00,1.000000000000000000e+00
-1.990475203188889042e+00,-1.178021908214193170e+00,0.000000000000000000e+00
-8.377683681186991471e-01,-2.310217602607564036e+00,0.000000000000000000e+00
-2.199088372970932515e+00,2.652951507354139871e-01,0.000000000000000000e+00
-1.050197305028141681e+00,2.205829585618840127e+00,0.000000000000000000e+00
-1.243425366980026592e-01,2.999991230080282234e-01,0.000000000000000000e+00
1.190282589134478597e+00,-1.137355841834541081e+00,1.000000000000000000e+00
-8.694113638460827520e-01,-5.641461391981382467e-02,0.000000000000000000e+00
1.194295003678854661e-01,-3.193060231472970301e-02,1.000000000000000000e+00
-1.674237073211163329e+00,1.661370194451768922e+00,0.000000000000000000e+00
8.443503622784427343e-01,-1.334796283816234823e-02,1.000000000000000000e+00
-5.573431892749867167e-01,-1.775054458241386968e+00,0.000000000000000000e+00
1.296717284229377043e+00,-1.223261675034960971e+00,1.000000000000000000e+00
1.077011502046250513e+00,2.475890439550132438e-01,1.000000000000000000e+00
-6.406345275142266704e-01,7.522231119428042234e-01,0.000000000000000000e+00
-1.044675472836288810e+00,-4.440108276556252731e-01,0.000000000000000000e+00
1.050706803537001077e+00,-2.451201411360215965e-01,1.000000000000000000e+00
-4.872832150375927540e-02,5.004197492381378121e-01,1.000000000000000000e+00
1.316179316241715469e+00,6.908012991313383644e-01,1.000000000000000000e+00
9.320806837418308399e-01,8.665706148101467998e-02,1.000000000000000000e+00
-9.787828214203558863e-01,-1.396422789774945272e+00,0.000000000000000000e+00
1.683338909506951975e+00,6.402673555730864496e-01,1.000000000000000000e+00
1.985734596538579755e-02,3.746697813975330416e-01,1.000000000000000000e+00
7.628416468508386616e-01,1.260000047589421079e+00,1.000000000000000000e+00
1.484408187731775630e+00,1.031574386479634509e-01,1.000000000000000000e+00
9.118844247428072869e-01,-7.799295779237030990e-01,1.000000000000000000e+00
1.351565061631644582e+00,9.746951225854323386e-01,1.000000000000000000e+00
7.233802043718662311e-01,-4.378531988560480093e-01,1.000000000000000000e+00
1.329264319840833153e+00,-1.151689686155474623e+00,1.000000000000000000e+00
-4.994233827780361068e-01,-6.483737821618559272e-01,0.000000000000000000e+00
8.712566710887276189e-01,6.413090043993001643e-01,1.000000000000000000e+00
-1.028338175100598439e+00,8.034722702684625739e-01,0.000000000000000000e+00
8.768206942933607362e-01,-9.163131697854907110e-01,1.000000000000000000e+00
-3.259305563422586483e-01,4.753995572522691782e-01,0.000000000000000000e+00
-8.530353132061117005e-01,-5.418516913997430962e-01,0.000000000000000000e+00
-9.127361454714825184e-01,2.334879417615343566e+00,0.000000000000000000e+00
1.435665738521243462e+00,-5.139650496744559982e-01,1.000000000000000000e+00
1.093500904411674135e+00,-4.133116993423335273e-01,1.000000000000000000e+00
6.556305238992002904e-01,-8.710975972191491445e-01,1.000000000000000000e+00
6.669629561060419487e-01,1.305306130230109884e+00,1.000000000000000000e+00
8.962850535981299327e-01,-5.564466435573914849e-01,1.000000000000000000e+00
-9.149782969444069103e-01,-1.463175295748526450e+00,0.000000000000000000e+00
1.662272868800390713e-01,1.396504515111620381e-01,1.000000000000000000e+00
-1.690790530262813007e+00,-1.639076529271208837e+00,0.000000000000000000e+00
1.076110452197104106e+00,1.064247190522135789e+00,1.000000000000000000e+00
8.293116234590923730e-01,1.164517098815614826e+00,1.000000000000000000e+00
-1.708619261670754064e+00,3.606828926874323105e-01,0.000000000000000000e+00
1.587721179531105475e+00,1.364928749130666086e+00,1.000000000000000000e+00
1.139309235056948699e+00,-8.218396005193951970e-01,1.000000000000000000e+00
-1.308884401001235265e+00,-1.810505089038304094e+00,0.000000000000000000e+00
-1.237736105264955588e+00,6.234165384567000867e-01,0.000000000000000000e+00
8.282375935814948464e-01,-1.572573738948613409e+00,1.000000000000000000e+00
-1.552941832874715544e+00,6.666713265074761807e-01,0.000000000000000000e+00
7.546406794679249019e-01,7.432475230293673629e-01,1.000000000000000000e+00
-2.010875100128472148e+00,-3.234916954977696824e-01,0.000000000000000000e+00
-1.494971176368174559e+00,-8.864769186233468767e-01,0.000000000000000000e+00
-4.920462712403145256e-01,-1.475041262745846904e+00,0.000000000000000000e+00
-7.692293496956859045e-01,4.679323320592795876e-01,0.000000000000000000e+00
-1.485994935383388560e+00,-5.353546368773213215e-01,0.000000000000000000e+00
1.064528720605934842e+00,-2.703187487713760162e-01,1.000000000000000000e+00
8.713952043996897601e-01,1.666582052765443059e-03,1.000000000000000000e+00
-3.739629112557847357e-01,2.789914283716296572e-01,0.000000000000000000e+00
1.096398147814477531e+00,-9.453710166333697540e-01,1.000000000000000000e+00
-1.065286008831913378e+00,-1.137281005175428295e+00,0.000000000000000000e+00
-1.325589142369974827e+00,4.190146174387682221e-01,0.000000000000000000e+00
6.595019135764415008e-01,-8.909618874441004310e-01,1.000000000000000000e+00
-1.381764268684102515e+00,-1.005952806532747767e-01,0.000000000000000000e+00
1.954840013552560762e+00,1.113236607523965943e-01,1.000000000000000000e+00
8.762796189226733645e-01,-1.512838132187570572e+00,1.000000000000000000e+00
1.017560140892718845e+00,-1.481691401499850125e+00,1.000000000000000000e+00
1.073665356947849148e+00,-2.359818953894298188e-01,1.000000000000000000e+00
-1.517287814260953827e+00,-1.692800693725485806e-01,0.000000000000000000e+00
1.219680434162713878e+00,-1.499872129683251787e-01,1.000000000000000000e+00
1.667788488411524161e+00,-9.963594709598706523e-01,1.000000000000000000e+00
-1.316783999716221176e-01,-1.120182775126425667e-01,0.000000000000000000e+00
-1.581894222806085493e+00,8.044462192926832289e-01,0.000000000000000000e+00
-1.273096911126308850e+00,-1.828613295008303163e+00,0.000000000000000000e+00
3.610271620034821716e-02,4.340874794447929785e-01,0.000000000000000000e+00
1.279094510816561225e+00,-4.498913490488993250e-01,1.000000000000000000e+00
7.445855983926352728e-01,6.395370263427226920e-01,1.000000000000000000e+00
-1.481020112107072295e+00,-4.581661545701970484e-01,0.000000000000000000e+00
1.175063791662236623e+00,-1.584169546219736269e+00,1.000000000000000000e+00
-1.846146766371656645e+00,-8.597567905960672163e-02,0.000000000000000000e+00
-1.697791832235716614e+00,1.332771088263862147e-01,0.000000000000000000e+00
7.209221461731021297e-01,-1.056878781671695577e+00,1.000000000000000000e+00
1.060451971305363505e+00,2.610356770124818704e-01,1.000000000000000000e+00
1.318448593283522818e+00,1.119262290865495890e+00,1.000000000000000000e+00
-8.344159603410818971e-01,1.581473686830252856e-01,0.000000000000000000e+00
-1.633196993827241039e+00,1.697307993061863085e+00,0.000000000000000000e+00
1.089364602065160614e+00,4.381942240652163534e-01,1.000000000000000000e+00
1.885113463814502399e+00,4.127729801488299044e-01,1.000000000000000000e+00
1.309018190130377235e+00,-4.724428932581754836e-02,1.000000000000000000e+00
-2.389074097982063494e-01,-9.899106581984506992e-03,0.000000000000000000e+00
1.358578332129666943e+00,1.560191533009683829e+00,1.000000000000000000e+00
-1.648746035106933849e+00,1.330408042954474013e+00,0.000000000000000000e+00
-1.680451981804932160e+00,6.031322862015293662e-01,0.000000000000000000e+00
1.142188018889852108e+00,-8.663882110416208648e-02,1.000000000000000000e+00
-4.522057842296957064e-01,4.904796502943724323e-03,0.000000000000000000e+00
-1.104219667020871265e+00,-1.351884124450488944e-01,0.000000000000000000e+00
1.040328353326636535e+00,3.185154530700787801e-01,1.000000000000000000e+00
1.169596318060643902e+00,7.630291309982542014e-01,1.000000000000000000e+00
-1.109653075787271348e+00,-2.515592906447006172e-01,0.000000000000000000e+00
-1.621864551571755353e+00,-2.116978424592592944e-02,0.000000000000000000e+00
-1.182670272579344317e+00,5.014549932116381392e-02,0.000000000000000000e+00
-3.512314263753861798e-01,-1.738240721773557373e-01,0.000000000000000000e+00
-4.635019429412572389e-01,1.077177332958224820e+00,0.000000000000000000e+00
4.963541482296330853e-01,-1.244788426925804714e+00,1.000000000000000000e+00
-1.064044176261796038e+00,-2.501671988951211234e-01,0.000000000000000000e+00
1.320222042452232625e+00,4.373567255648869168e-01,1.000000000000000000e+00
1.485821617950821683e+00,-8.453138686917225364e-01,1.000000000000000000e+00
1.007154830214939567e+00,3.291168279253449125e-01,1.000000000000000000e+00
7.416381075815339230e-01,3.431427033946393146e-01,1.000000000000000000e+00
-4.537526029659744164e-02,-8.338317677675946005e-01,0.000000000000000000e+00
-9.105610489096934712e-01,7.970237271298261650e-01,0.000000000000000000e+00
1.302244870092991169e+00,2.346440563035129823e-01,1.000000000000000000e+00
6.547793993447661443e-01,-4.490857259579317806e-01,1.000000000000000000e+00
-1.108214979806753986e+00,1.251145951039365212e+00,0.000000000000000000e+00
1.650607153919020575e+00,4.149205469483688985e-02,1.000000000000000000e+00
-2.058915831025793786e+00,-7.690421360396564043e-02,0.000000000000000000e+00
9.394058192525123197e-02,-7.754605807995290645e-02,1.000000000000000000e+00
-1.403758506710650389e+00,6.651954198257210571e-01,0.000000000000000000e+00
1.357890050209792143e+00,-9.340564831130789003e-02,1.000000000000000000e+00
2.032260433280548284e+00,-1.258977033054879291e+00,1.000000000000000000e+00
9.999146348630922887e-01,3.277121085430981240e-01,1.000000000000000000e+00
-4.661894317394987830e-02,5.942486601069725261e-01,0.000000000000000000e+00
1.115405061723128366e+00,-1.608837595262960329e+00,1.000000000000000000e+00
9.355724478215170503e-01,-1.268390320658487891e+00,1.000000000000000000e+00
-1.609959222003784163e+00,-3.851337154282132857e-01,0.000000000000000000e+00
9.500025446334309231e-01,7.209281768715394279e-01,1.000000000000000000e+00
1.382122041977341675e+00,6.028924233191794713e-01,1.000000000000000000e+00
9.594519009182803648e-01,4.426002327382996815e-01,1.000000000000000000e+00
-1.293080905307725459e+00,-4.583571005300842161e-01,0.000000000000000000e+00
-1.157594673700104382e+00,7.856740512962516743e-01,0.000000000000000000e+00
5.969233481030555843e-02,9.790681341585789621e-01,0.000000000000000000e+00
9.095816722756717709e-01,-5.188835404648561855e-01,1.000000000000000000e+00
1.471726028217978488e+00,-3.226724821046085268e-01,1.000000000000000000e+00
8.114299927292816239e-01,4.829296439246340555e-01,1.000000000000000000e+00
-1.378237803162797981e+00,9.741399772300678439e-01,0.000000000000000000e+00
-8.532102985526113237e-02,-3.522999485460421853e-01,0.000000000000000000e+00
-9.395880997412043856e-01,-1.493786117883964648e+00,0.000000000000000000e+00
-1.373061110863912138e+00,1.154333549160987404e+00,0.000000000000000000e+00
-1.157541759849211704e+00,-1.460004384064104821e+00,0.000000000000000000e+00
3.239299257378098762e-01,-1.618188358479040412e+00,1.000000000000000000e+00
6.008497358518714027e-01,-1.162284474729718076e+00,1.000000000000000000e+00
1.712774872052078123e+00,1.860226071333918929e+00,1.000000000000000000e+00
-1.546743278063156701e+00,-7.561362884126101580e-01,0.000000000000000000e+00
1.258665130048738146e+00,5.132119650349949991e-01,1.000000000000000000e+00
-1.292355064563416533e+00,-1.304562602237145930e-01,0.000000000000000000e+00
7.740020585268192477e-01,3.692580750034942239e-01,1.000000000000000000e+00
-1.036899747555642071e+00,-1.085105337290700023e+00,0.000000000000000000e+00
1.158792590717647508e+00,4.885240762008128401e-01,1.000000000000000000e+00
-5.999287770250254503e-01,-7.210011720204484442e-01,0.000000000000000000e+00
3.563873268657569149e-02,-8.926129098148435359e-01,0.000000000000000000e+00
-1.094517448585097696e+00,1.179845229271098805e+00,0.000000000000000000e+00
-1.526831275638310004e+00,6.050831021886825950e-02,0.000000000000000000e+00
1.294664226725275924e+00,-7.789613893310012860e-02,1.000000000000000000e+00
-8.958523557975244245e-01,4.607741713957401175e-01,0.000000000000000000e+00
-1.869644125391887179e-01,-8.296995051398076138e-01,0.000000000000000000e+00
8.289533868855991638e-01,1.301909207336676144e-01,1.000000000000000000e+00
1.074756556581858868e+00,7.171082480944052095e-01,1.000000000000000000e+00
5.842661223711287377e-01,-8.478198801530963946e-01,1.000000000000000000e+00
3.430923433527836020e-01,1.395159296021471818e+00,1.000000000000000000e+00
8.206903597262966699e-01,1.012755484049134846e+00,1.000000000000000000e+00
1.623747457792112048e+00,1.416504556342015608e-01,1.000000000000000000e+00
-1.090016334618931326e+00,-1.078883182112954087e+00,0.000000000000000000e+00
-1.479846823162915381e+00,6.327601612489978846e-04,0.000000000000000000e+00
7.302664674138323875e-01,9.985659526138797037e-01,1.000000000000000000e+00
2.082675042800032905e-01,7.125790994796684652e-01,0.000000000000000000e+00
1.688299363299301969e+00,-2.003409354079786375e+00,1.000000000000000000e+00
9.701519703955642226e-01,-1.021589985196622141e+00,1.000000000000000000e+00
1.236542098604511697e+00,-8.959341234030843149e-02,1.000000000000000000e+00
-6.689657481373618708e-01,1.026096808956873607e+00,0.000000000000000000e+00
-1.888909508230173895e+00,4.375217140043265451e-01,0.000000000000000000e+00
-1.613244206786676127e+00,6.531884539062425832e-01,0.000000000000000000e+00
-1.273218042161216701e+00,-8.705140328562872565e-01,0.000000000000000000e+00
-4.492403827977171638e-01,5.157037536185116178e-01,0.000000000000000000e+00
-2.070211627957869283e+00,-2.046994756800181836e+00,0.000000000000000000e+00
-3.445574756630215285e-01,-8.262367311607037301e-01,0.000000000000000000e+00
-7.945296015754794716e-01,-4.795919329996034541e-01,0.000000000000000000e+00
-4.680136313244169788e-01,2.914066195438069218e-01,0.000000000000000000e+00
-1.566899893595684823e+00,8.988079290577409564e-02,0.000000000000000000e+00
1.371234791780139517e+00,1.028996541983152185e-01,1.000000000000000000e+00
5.726588898278164308e-01,-4.067395112450298278e-01,1.000000000000000000e+00
-4.705808801367792338e-01,-2.218957574876969652e+00,0.000000000000000000e+00
-1.821679486695376937e+00,4.632924149750280440e-01,0.000000000000000000e+00
5.737780949224089433e-01,3.280814949751638121e-01,1.000000000000000000e+00
8.816416143710266162e-01,7.817171952621561060e-01,1.000000000000000000e+00
-8.838557855436321997e-01,2.527389708377031918e-01,0.000000000000000000e+00
3.006749802275572314e-01,-5.533459067821833166e-01,0.000000000000000000e+00
-5.443599095397129162e-01,-5.117137054291472920e-01,0.000000000000000000e+00
1.058353193485964239e+00,-8.926085212086165566e-01,1.000000000000000000e+00
1.850138211311071368e+00,1.459950629683457235e+00,1.000000000000000000e+00
-3.720594889971844399e-01,-6.175472125398417944e-01,0.000000000000000000e+00
-3.775237879561036403e-01,1.528692029265809493e+00,0.000000000000000000e+00
-1.795783279247031849e+00,-1.079103181660693522e+00,0.000000000000000000e+00
-8.326148463034612757e-01,-6.795278158503842425e-01,0.000000000000000000e+00
2.329107739634339591e-01,8.238502751773469912e-01,1.000000000000000000e+00
-3.322855068172433368e-01,-2.014382656244911585e-01,0.000000000000000000e+00
-2.469814411394274600e+00,-8.929896725386732292e-01,0.000000000000000000e+00
-1.032968258209360890e+00,7.571261260555562922e-01,0.000000000000000000e+00
-9.105687565833205932e-01,-4.634387487792897553e-01,0.000000000000000000e+00
-1.164220220204286615e+00,-6.512693693244415716e-01,0.000000000000000000e+00
-4.243926524762611230e-01,8.153535126924226217e-01,0.000000000000000000e+00
8.005854514186017123e-01,1.450951054216467861e+00,1.000000000000000000e+00
-1.601647857793256469e+00,-2.370633861109856078e+00,0.000000000000000000e+00
3.493492771729554969e-01,-1.422208978906993881e-01,1.000000000000000000e+00
-1.332268281493572903e+00,3.434571611352383869e-01,0.000000000000000000e+00
6.258715992375519788e-01,3.397851094668712379e-01,1.000000000000000000e+00
4.340685649922134681e-01,1.161508889082967927e-01,1.000000000000000000e+00
7.029230645233119912e-01,-6.012036250399992454e-01,1.000000000000000000e+00
-9.773911659078220460e-01,-4.937715412558317252e-01,0.000000000000000000e+00
-1.193890288145506018e+00,1.988634116111352435e-01,0.000000000000000000e+00
-1.351646083969247680e+00,5.375413200829006755e-01,0.000000000000000000e+00
-1.782302276963812382e+00,-3.293808877312685152e-02,0.000000000000000000e+00
-1.257450787771746681e+00,7.242089880623068243e-01,0.000000000000000000e+00
7.514720379772134029e-01,3.445821827311105201e-01,1.000000000000000000e+00
-1.578570181191375488e-01,-1.418823260628405469e+00,0.000000000000000000e+00
1.017336918849987226e+00,9.724758761800088580e-01,1.000000000000000000e+00
-1.636149876214946453e+00,5.409110256795418570e-01,0.000000000000000000e+00
-4.482667274023601767e-01,1.379514423336238027e-01,0.000000000000000000e+00
-9.632825689648392142e-01,2.517912799224849341e+00,0.000000000000000000e+00
5.304372333944233908e-01,-2.315445053150944066e-01,1.000000000000000000e+00
-1.068386948706734563e+00,1.171625426109319745e+00,0.000000000000000000e+00
-2.820233445793816074e-01,-1.916598950017062430e-01,0.000000000000000000e+00
7.669083152566271711e-01,-4.797891128481355794e-01,1.000000000000000000e+00
5.956556944655491126e-01,-1.345333011750119434e+00,1.000000000000000000e+00
1.364896721169827298e+00,7.650728665654989991e-01,1.000000000000000000e+00
-5.002873770132159059e-01,1.134160787736947062e+00,0.000000000000000000e+00
5.986282678293093351e-01,-4.167128757743870371e-01,1.000000000000000000e+00
-7.582236668798829626e-01,-3.660400209901025215e-01,0.000000000000000000e+00
6.725151459491223171e-01,-1.860802428907819550e+00,1.000000000000000000e+00
1.092217539922732517e+00,-1.579771548250971380e-01,1.000000000000000000e+00
4.964323733356021950e-01,4.296896367923977444e-01,1.000000000000000000e+00
-1.832690944935904565e+00,-2.166819781664187428e+00,0.000000000000000000e+00
6.532892899611684179e-01,1.484611823601615643e-01,1.000000000000000000e+00
1.126997606524308582e+00,1.396094653330584912e+00,1.000000000000000000e+00
1.157981227639077515e+00,-6.571348692932317270e-01,1.000000000000000000e+00
3.759872856785392292e-01,6.371604492477633830e-01,1.000000000000000000e+00
-2.038968852503685980e+00,-2.827597804934836589e-01,0.000000000000000000e+00
-4.070998781445143155e-01,-1.994744231213579910e-01,0.000000000000000000e+00
1.552867137425878008e+00,8.875951196336782090e-01,1.000000000000000000e+00
-1.045856636332702871e+00,9.179877019143112271e-01,0.000000000000000000e+00
1.876490934197458493e+00,-6.278385312359537895e-01,1.000000000000000000e+00
1.659848548059055240e+00,1.070189034908319847e+00,1.000000000000000000e+00
-6.427219316007425354e-01,2.184624739630894596e-01,0.000000000000000000e+00
1.243408688286429920e+00,-4.931370320041889022e-01,1.000000000000000000e+00
1.232353847706862737e+00,-2.276720760202590732e-01,0.000000000000000000e+00
-1.818331549031027006e+00,1.340772112627609314e+00,0.000000000000000000e+00
1.437346488867707439e+00,8.050981962244965207e-01,1.000000000000000000e+00
5.069626539058799120e-01,-1.025173698034987507e-01,1.000000000000000000e+00
-7.032351159507421734e-01,1.058306660800701016e+00,0.000000000000000000e+00
-1.140454524713538920e+00,2.110829331226688144e+00,0.000000000000000000e+00
8.662148332131044404e-01,1.953503863624960202e+00,1.000000000000000000e+00
6.120088571474182615e-01,1.725084034673848576e-01,1.000000000000000000e+00
7.263224321783601223e-01,2.449339323082259587e-02,1.000000000000000000e+00
-7.104255026302075393e-02,3.884645330238104544e-01,0.000000000000000000e+00
-7.627104931656645270e-01,-5.418344204586594826e-01,0.000000000000000000e+00
9.648429194461710656e-01,5.694837424486935973e-01,1.000000000000000000e+00
-1.095932837174983465e+00,-2.019141823319532403e+00,0.000000000000000000e+00
1.172087570323583794e+00,-7.273218625554261907e-01,1.000000000000000000e+00
8.722782725657838299e-01,2.442414336563451249e-01,1.000000000000000000e+00
7.074432786264750472e-01,3.857295659489856643e-01,1.000000000000000000e+00
-5.909306343426392605e-01,-4.548537185520601378e-01,0.000000000000000000e+00
-5.610796103657573752e-01,1.012988278396502517e+00,0.000000000000000000e+00
4.334571880942303945e-01,1.626909775538773473e-01,0.000000000000000000e+00
9.415699746072476728e-01,-1.019968132967256080e+00,1.000000000000000000e+00
1.273884599296459141e+00,6.901509526502861425e-01,1.000000000000000000e+00
1.107126745814396074e+00,-9.487860936531584688e-01,1.000000000000000000e+00
9.780430908838733117e-02,6.160514087520745363e-01,0.000000000000000000e+00
9.955594742144896481e-01,2.047736135701679061e-01,1.000000000000000000e+00
1.225222724288475007e+00,-5.096155529992435484e-01,1.000000000000000000e+00
-7.855943585230187320e-01,-4.744869241926448211e-01,0.000000000000000000e+00
-1.026914526126891269e+00,-1.399906812183964074e-02,0.000000000000000000e+00
8.242921417124626782e-01,3.263916756051864709e+00,1.000000000000000000e+00
-1.543127174858256678e+00,-6.331598461958689583e-01,0.000000000000000000e+00
5.874130529833528902e-01,-4.213296084773064942e-01,1.000000000000000000e+00
1.309088372688153479e+00,-1.006639021109899390e-01,1.000000000000000000e+00
1.002224601942401483e+00,-5.928250939072464698e-01,1.000000000000000000e+00
-1.083912069456340443e+00,-1.844928690595688536e+00,0.000000000000000000e+00
1.215955564607695383e+00,-1.804720678083353985e-02,1.000000000000000000e+00
4.844323316123806400e-01,1.114616714286724486e+00,1.000000000000000000e+00
1.145012063715302286e+00,8.005281263593754248e-01,1.000000000000000000e+00
-1.224929801039391641e-01,1.661719223872534235e-01,0.000000000000000000e+00
8.947320804811020878e-01,-1.587994798132249308e+00,1.000000000000000000e+00
4.310517492606614764e-01,2.933248556872649071e-01,1.000000000000000000e+00
4.238444775019321042e-01,-1.593816711586759860e+00,1.000000000000000000e+00
-6.114721639889452165e-01,-5.427771260412393994e-01,0.000000000000000000e+00
-3.876194479566055229e-01,1.727752932743418013e+00,0.000000000000000000e+00
-6.947499532958554269e-01,-1.533217634385916975e-02,0.000000000000000000e+00
-7.630921641773367181e-01,2.385072837604198082e+00,0.000000000000000000e+00
-3.507693771027543539e-01,4.359150211895084226e-01,0.000000000000000000e+00
9.725809939661941295e-01,4.095541144410956291e-01,1.000000000000000000e+00
-9.300574116362313459e-01,-1.918625852011762167e-01,0.000000000000000000e+00
-1.863874827880366292e-01,6.680609961599497382e-01,0.000000000000000000e+00
1.142960479672759710e+00,-7.243531427987626170e-01,1.000000000000000000e+00
-6.356817284725913009e-01,-1.675327205090165084e+00,0.000000000000000000e+00
-1.393450905892588576e+00,1.088217362374479746e+00,0.000000000000000000e+00
-1.214185247013413793e+00,1.455594552875854930e+00,0.000000000000000000e+00
3.851047423239700729e-01,-4.603745888907695982e-01,1.000000000000000000e+00
7.947538882408105021e-01,1.752209999607550472e-01,1.000000000000000000e+00
1.209499249845612967e+00,1.007064071273424899e+00,1.000000000000000000e+00
7.410223728366884810e-01,-1.228002979419066769e-02,1.000000000000000000e+00
8.489199559737858891e-01,4.232959866578162589e-01,1.000000000000000000e+00
1.387933269371265599e+00,4.204532329823334469e-01,1.000000000000000000e+00
-6.272835715276676716e-01,-1.807639536115792644e+00,0.000000000000000000e+00
-4.393529506359872272e-01,6.330252120120822834e-01,0.000000000000000000e+00
1.591848281664038467e+00,-6.895117672417004906e-01,1.000000000000000000e+00
1.231711255980082020e+00,-1.251229076900962189e+00,1.000000000000000000e+00
-1.170213963848571126e+00,2.624407704086735849e-01,0.000000000000000000e+00
1.559076547084380593e+00,3.828344761611361946e-01,1.000000000000000000e+00
-7.154885450999670660e-02,-1.872875019148718234e+00,0.000000000000000000e+00
-5.090416154066152998e-01,2.639645199973132961e-01,0.000000000000000000e+00
-3.669777107322935716e-01,2.763893930772722274e-01,0.000000000000000000e+00
-7.630033569152985251e-01,-1.980232858405543528e+00,0.000000000000000000e+00
7.034585299071655085e-01,-1.430840093316456896e+00,1.000000000000000000e+00
1.283783104824659738e+00,-2.740526053171394305e-01,1.000000000000000000e+00
7.925918307508642568e-01,-1.394250473628544595e+00,1.000000000000000000e+00
-1.155031961162525711e+00,-9.631331382886821890e-01,0.000000000000000000e+00
-1.147495243145006505e+00,2.549859522223557384e+00,0.000000000000000000e+00
1.143870938114711189e+00,3.933206357584840829e-01,1.000000000000000000e+00
1.343452724857797875e+00,6.573255475032802053e-01,1.000000000000000000e+00
-1.011390945732325575e+00,-1.320444189250411515e+00,0.000000000000000000e+00
-2.418662407696940075e+00,-9.596225573388009189e-02,0.000000000000000000e+00
-1.605816583187195778e+00,7.567803544135651705e-01,0.000000000000000000e+00
1.030532171364541894e+00,-7.987977213667319942e-01,1.000000000000000000e+00
1.369474417135285282e+00,-1.507584219435190720e-01,1.000000000000000000e+00
1.415713542286182847e+00,1.622500283309215863e-01,1.000000000000000000e+00
5.864085682388546772e-01,-1.509517727019282995e+00,1.000000000000000000e+00
4.009044709202507217e-01,-3.539974830509591275e-01,1.000000000000000000e+00
-1.801173813154380854e+00,3.616172839969407082e-01,0.000000000000000000e+00
-1.692983025074071168e+00,9.690102294192513149e-03,0.000000000000000000e+00
-1.501349782767301910e+00,-1.185916099073231894e-01,0.000000000000000000e+00
-1.075640407922938246e+00,8.825350815698360663e-01,0.000000000000000000e+00
9.681100050676291202e-01,1.086159279828940560e+00,1.000000000000000000e+00
-1.548255088405074087e+00,-7.079495478230671823e-01,0.000000000000000000e+00
-4.237609502394068528e-01,1.040693291899574158e+00,0.000000000000000000e+00
-1.398649713921625848e+00,7.606162489781904679e-01,0.000000000000000000e+00
-1.197183809172282176e+00,1.125315707298667034e+00,0.000000000000000000e+00
-1.990153831880687729e-01,5.274667288494437889e-01,0.000000000000000000e+00
1.473739613014932504e+00,4.036638913747878088e-01,1.000000000000000000e+00
1.813108442406799803e+00,1.237688600474151857e+00,1.000000000000000000e+00
-1.149710696834131074e+00,-1.482069754266431616e+00,0.000000000000000000e+00
2.206346021969447513e-01,7.858290343161489222e-01,1.000000000000000000e+00
-1.425114483383789210e+00,4.041332476256705997e-01,0.000000000000000000e+00
-5.935426660994003178e-01,3.697798470355159184e-01,0.000000000000000000e+00
-3.630490951092261165e-01,8.275990184967574326e-02,1.000000000000000000e+00
1.035412149817615646e+00,-1.484044749754504844e+00,1.000000000000000000e+00
9.078321083534000024e-01,-1.223656875349774964e+00,1.000000000000000000e+00
